{"cameraMode":{"drawMode":0,"name":"Shaded","section":"Shading Mode"},"sceneLighting":true,"audioPlay":false,"sceneViewState":{"m_AlwaysRefresh":false,"showFog":true,"showSkybox":true,"showFlares":true,"showImageEffects":true,"showParticleSystems":true,"showVisualEffectGraphs":true,"m_FxEnabled":true},"in2DMode":false,"pivot":{"x":-405.2378845214844,"y":33.516605377197269,"z":155.31942749023438},"rotation":{"x":0.13601164519786836,"y":0.03846170753240585,"z":-0.004850344266742468,"w":0.9900938868522644},"size":26.52658462524414,"orthographic":false}