{"cameraMode":{"drawMode":0,"name":"Shaded","section":"Shading Mode"},"sceneLighting":false,"audioPlay":false,"sceneViewState":{"m_AlwaysRefresh":false,"showFog":false,"showSkybox":false,"showFlares":false,"showImageEffects":false,"showParticleSystems":false,"showVisualEffectGraphs":true,"m_FxEnabled":true},"in2DMode":false,"pivot":{"x":-8.940696716308594e-8,"y":0.806896984577179,"z":0.050720587372779849},"rotation":{"x":-0.013549032621085644,"y":0.42357704043388369,"z":0.00643620640039444,"w":0.9058069586753845},"size":0.8809651732444763,"orthographic":false}